flow_id,ip_proto,ndpi_app,ndpi_category,ndpi_client_info,ndpi_server_info,ndpi_j3ac,ndpi_j3as,client_bulk0,client_packet0,client_bulk1,client_packet1,client_bulk_max,client_packet_max,client_bulk_min,client_packet_min,client_bulk_avg,client_packet_avg,client_bulk_median,client_packet_median,client_bulk_25q,client_packet_25q,client_bulk_75q,client_packet_75q,client_bulk_sum,client_packet_sum,client_bulk_number,client_packet_number,client_tcp_window_avg,client_found_tcp_flags,server_bulk0,server_packet0,server_bulk1,server_packet1,server_bulk_max,server_packet_max,server_bulk_min,server_packet_min,server_bulk_avg,server_packet_avg,server_bulk_median,server_packet_median,server_bulk_25q,server_packet_25q,server_bulk_75q,server_packet_75q,server_bulk_sum,server_packet_sum,server_bulk_number,server_packet_number,server_tcp_window_avg,server_found_tcp_flags
TCP 192.168.0.105:33482 68.232.34.200:443,TCP,TLS,Web,,,,,0.0,40,135.0,175,139.0,179,0.0,40,66.46153846153847,106.46153846153847,46.0,86.0,0.0,40.0,135.0,175.0,864.0,1384,7,13,1452.0,"[16.0, 24.0]",0.0,40,162.0,202,162.0,202,0.0,40,88.85714285714286,128.85714285714286,138.0,178.0,23.0,63.0,138.0,178.0,622.0,902,5,7,296.0,"[16.0, 24.0]"
UDP 192.168.0.102:18826 192.168.0.105:26454,UDP,STUN.SkypeCall,VoIP,,,,,104.0,132,72.0,100,104.0,132,72.0,100,88.66666666666667,116.66666666666667,90.0,118.0,81.0,109.0,97.0,125.0,266.0,350,3,3,0.0,[0.0],72.0,100,104.0,132,146.0,174,42.0,70,76.0,104.0,68.0,96.0,57.0,85.0,98.0,126.0,1292.0,1768,17,17,0.0,[0.0]
TCP 192.168.0.105:37298 52.114.74.11:443,TCP,TLS.Skype,VoIP,,c-broker-euwe-01.broker.skype.com,49a341a21f4fd4ac63b027ff2b1a331f,364ff14b04ef93c3b4cfa429d729c0d9,0.0,60,0.0,52,656.0,708,0.0,52,231.7,284.5,63.0,119.0,0.0,52.0,547.75,599.75,2317.0,2845,5,10,3173.0,"[2.0, 16.0, 24.0]",0.0,60,1428.0,1480,1428.0,1480,0.0,52,484.0,536.8,317.0,369.0,0.0,54.0,720.5,772.5,4840.0,5368,6,10,1741.6,"[16.0, 18.0, 24.0]"
TCP 192.168.0.105:54634 52.178.207.179:443,TCP,TLS,Web,,,,,0.0,52,0.0,52,0.0,52,0.0,52,0.0,52.0,0.0,52.0,0.0,52.0,0.0,52.0,0.0,104,0,2,364.0,[16.0],0.0,52,0.0,52,0.0,52,0.0,52,0.0,52.0,0.0,52.0,0.0,52.0,0.0,52.0,0.0,104,0,2,513.0,[16.0]
TCP 192.168.0.105:40066 52.162.166.27:443,TCP,TLS,Web,,,,,0.0,52,0.0,52,0.0,52,0.0,52,0.0,52.0,0.0,52.0,0.0,52.0,0.0,52.0,0.0,104,0,2,364.0,[16.0],0.0,52,0.0,52,0.0,52,0.0,52,0.0,52.0,0.0,52.0,0.0,52.0,0.0,52.0,0.0,104,0,2,513.0,[16.0]
UDP 192.168.0.1:35172 239.255.255.250:1900,UDP,SSDP,System,,,,,265.0,293,274.0,302,345.0,373,265.0,293,304.85,332.85,320.0,348.0,274.0,302.0,330.0,358.0,6097.0,6657,20,20,0.0,[0.0],0.0,0.0,0.0,0.0,0.0,0.0,0.0,0.0,0.0,0.0,0.0,0.0,0.0,0.0,0.0,0.0,0.0,0.0,0.0,0.0,0.0,0.0
TCP 192.168.0.105:50842 13.107.3.128:443,TCP,TLS.Skype,VoIP,,,,,0.0,40,0.0,40,0.0,40,0.0,40,0.0,40.0,0.0,40.0,0.0,40.0,0.0,40.0,0.0,80,0,2,980.0,[16.0],0.0,40,0.0,40,0.0,40,0.0,40,0.0,40.0,0.0,40.0,0.0,40.0,0.0,40.0,0.0,80,0,2,1023.0,[16.0]
TCP 192.168.0.105:49876 52.233.131.90:443,TCP,TLS,Web,,,,,0.0,52,0.0,52,0.0,52,0.0,52,0.0,52.0,0.0,52.0,0.0,52.0,0.0,52.0,0.0,104,0,2,341.0,[16.0],0.0,52,0.0,52,0.0,52,0.0,52,0.0,52.0,0.0,52.0,0.0,52.0,0.0,52.0,0.0,104,0,2,1022.0,[16.0]
TCP 192.168.0.105:48328 13.93.149.41:443,TCP,TLS.Microsoft,Cloud,,,,,0.0,52,0.0,52,0.0,52,0.0,52,0.0,52.0,0.0,52.0,0.0,52.0,0.0,52.0,0.0,104,0,2,364.0,[16.0],0.0,52,0.0,52,0.0,52,0.0,52,0.0,52.0,0.0,52.0,0.0,52.0,0.0,52.0,0.0,104,0,2,1026.0,[16.0]
TCP 192.168.0.105:32828 13.91.45.229:443,TCP,TLS.Microsoft,Cloud,,,,,0.0,52,0.0,52,0.0,52,0.0,52,0.0,52.0,0.0,52.0,0.0,52.0,0.0,52.0,0.0,104,0,2,432.0,[16.0],0.0,52,0.0,52,0.0,52,0.0,52,0.0,52.0,0.0,52.0,0.0,52.0,0.0,52.0,0.0,104,0,2,1022.0,[16.0]
TCP 192.168.0.105:35206 13.79.147.101:443,TCP,TLS.Microsoft,Cloud,,,,,0.0,52,0.0,52,0.0,52,0.0,52,0.0,52.0,0.0,52.0,0.0,52.0,0.0,52.0,0.0,104,0,2,770.0,[16.0],0.0,52,0.0,52,0.0,52,0.0,52,0.0,52.0,0.0,52.0,0.0,52.0,0.0,52.0,0.0,104,0,2,507.0,[16.0]
TCP 192.168.0.105:35216 13.79.147.101:443,TCP,TLS.Microsoft,Cloud,,,,,0.0,52,0.0,52,0.0,52,0.0,52,0.0,52.0,0.0,52.0,0.0,52.0,0.0,52.0,0.0,104,0,2,748.0,[16.0],0.0,52,0.0,52,0.0,52,0.0,52,0.0,52.0,0.0,52.0,0.0,52.0,0.0,52.0,0.0,104,0,2,507.0,[16.0]
TCP 64.233.165.189:443 192.168.0.105:60446,TCP,TLS.Google,Web,,,,,60.0,112,38.0,90,213.0,265,0.0,52,59.666666666666664,111.66666666666667,60.0,112.0,38.0,90.0,60.0,112.0,537.0,1005,7,9,236.55555555555554,"[16.0, 24.0]",0.0,52,0.0,52,387.0,439,0.0,52,54.125,106.125,0.0,52.0,0.0,52.0,11.5,63.5,433.0,849,2,8,307.0,"[16.0, 24.0]"
TCP 192.168.0.105:35212 13.79.147.101:443,TCP,TLS.Microsoft,Cloud,,,,,0.0,52,0.0,52,0.0,52,0.0,52,0.0,52.0,0.0,52.0,0.0,52.0,0.0,52.0,0.0,104,0,2,838.0,[16.0],0.0,52,0.0,52,0.0,52,0.0,52,0.0,52.0,0.0,52.0,0.0,52.0,0.0,52.0,0.0,104,0,2,507.0,[16.0]
TCP 192.168.0.105:35208 13.79.147.101:443,TCP,TLS.Microsoft,Cloud,,,,,0.0,52,0.0,52,0.0,52,0.0,52,0.0,52.0,0.0,52.0,0.0,52.0,0.0,52.0,0.0,104,0,2,702.0,[16.0],0.0,52,0.0,52,0.0,52,0.0,52,0.0,52.0,0.0,52.0,0.0,52.0,0.0,52.0,0.0,104,0,2,507.0,[16.0]
TCP 13.92.27.116:443 192.168.0.105:59030,TCP,TLS.Microsoft,Cloud,,,,,549.0,601,53.0,105,741.0,793,0.0,52,291.5,343.5,213.0,265.0,13.25,65.25,561.0,613.0,2915.0,3435,7,10,511.0,"[16.0, 24.0]",0.0,52,0.0,52,469.0,521,0.0,52,98.0,150.0,0.0,52.0,0.0,52.0,137.0,189.0,980.0,1500,4,10,1407.3,"[16.0, 24.0]"
IPv6-ICMP fe80::26:790f:6670:b5e7:0 ff02::2:0,IPv6-ICMP,ICMPV6,Network,,,,,8.0,16,8.0,16,8.0,16,8.0,16,8.0,16.0,8.0,16.0,8.0,16.0,8.0,16.0,64.0,128,8,8,0.0,[0.0],0.0,0.0,0.0,0.0,0.0,0.0,0.0,0.0,0.0,0.0,0.0,0.0,0.0,0.0,0.0,0.0,0.0,0.0,0.0,0.0,0.0,0.0
TCP 192.168.0.105:33894 52.54.78.229:443,TCP,TLS.Amazon,Web,,ghostery-sign.ghostery.com,0ffee3ba8e615ad22535e7f771690a28,303951d4c50efb2e991652225a6f02b1,0.0,60,0.0,52,1428.0,1480,0.0,52,294.1666666666667,346.8333333333333,0.0,56.0,0.0,52.0,254.5,306.5,3530.0,4162,5,12,2709.0,"[2.0, 16.0, 24.0]",0.0,60,0.0,52,1428.0,1480,0.0,52,818.375,871.375,1131.5,1183.5,0.0,58.0,1428.0,1480.0,6547.0,6971,5,8,3453.5,"[16.0, 18.0, 24.0]"
UDP 192.168.0.104:5353 224.0.0.251:5353,UDP,MDNS,Network,,_airplay._tcp.local,,,117.0,145,117.0,145,117.0,145,70.0,98,109.9,137.9,117.0,145.0,117.0,145.0,117.0,145.0,1099.0,1379,10,10,0.0,[0.0],0.0,0.0,0.0,0.0,0.0,0.0,0.0,0.0,0.0,0.0,0.0,0.0,0.0,0.0,0.0,0.0,0.0,0.0,0.0,0.0,0.0,0.0
UDP fe80::26:790f:6670:b5e7:5353 ff02::fb:5353,UDP,MDNS,Network,,_airplay._tcp.local,,,117.0,125,117.0,125,117.0,125,70.0,78,110.54545454545455,118.54545454545455,117.0,125.0,117.0,125.0,117.0,125.0,1216.0,1304,11,11,0.0,[0.0],0.0,0.0,0.0,0.0,0.0,0.0,0.0,0.0,0.0,0.0,0.0,0.0,0.0,0.0,0.0,0.0,0.0,0.0,0.0,0.0,0.0,0.0
TCP 192.168.0.105:60018 212.113.50.2:443,TCP,TLS,Web,,,,,46.0,98,31.0,83,46.0,98,0.0,52,19.25,71.25,15.5,67.5,0.0,52.0,34.75,86.75,77.0,285,2,4,1527.0,"[16.0, 17.0, 24.0]",0.0,52,0.0,52,0.0,52,0.0,52,0.0,52.0,0.0,52.0,0.0,52.0,0.0,52.0,0.0,104,0,2,4.0,"[16.0, 17.0]"
TCP 192.168.0.105:39192 151.236.76.124:443,TCP,TLS,Web,,,,,46.0,98,31.0,83,46.0,98,0.0,52,19.25,71.25,15.5,67.5,0.0,52.0,34.75,86.75,77.0,285,2,4,1512.0,"[16.0, 17.0, 24.0]",0.0,52,0.0,52,0.0,52,0.0,52,0.0,52.0,0.0,52.0,0.0,52.0,0.0,52.0,0.0,104,0,2,4.0,"[16.0, 17.0]"
TCP 192.168.0.105:60098 212.113.50.2:443,TCP,TLS,Web,,,,,46.0,98,31.0,83,46.0,98,0.0,52,19.25,71.25,15.5,67.5,0.0,52.0,34.75,86.75,77.0,285,2,4,974.0,"[16.0, 17.0, 24.0]",0.0,52,0.0,52,0.0,52,0.0,52,0.0,52.0,0.0,52.0,0.0,52.0,0.0,52.0,0.0,104,0,2,4.0,"[16.0, 17.0]"
TCP 192.168.0.105:42692 47.254.145.67:80,TCP,HTTP,Web,,,,,0.0,60,nan,nan,0.0,60,0.0,60,0.0,60.0,0.0,60.0,0.0,60.0,0.0,60.0,0.0,60,0,1,29200.0,[2.0],0.0,0.0,0.0,0.0,0.0,0.0,0.0,0.0,0.0,0.0,0.0,0.0,0.0,0.0,0.0,0.0,0.0,0.0,0.0,0.0,0.0,0.0
TCP 192.168.0.105:49552 47.254.145.67:2081,TCP,Unknown,Unspecified,,,,,0.0,60,nan,nan,0.0,60,0.0,60,0.0,60.0,0.0,60.0,0.0,60.0,0.0,60.0,0.0,60,0,1,29200.0,[2.0],0.0,0.0,0.0,0.0,0.0,0.0,0.0,0.0,0.0,0.0,0.0,0.0,0.0,0.0,0.0,0.0,0.0,0.0,0.0,0.0,0.0,0.0
TCP 192.168.0.105:48330 31.200.251.81:443,TCP,TLS,Web,,,,,46.0,98,31.0,83,46.0,98,0.0,52,19.25,71.25,15.5,67.5,0.0,52.0,34.75,86.75,77.0,285,2,4,3977.0,"[16.0, 17.0, 24.0]",0.0,52,0.0,52,0.0,52,0.0,52,0.0,52.0,0.0,52.0,0.0,52.0,0.0,52.0,0.0,104,0,2,11.0,"[16.0, 17.0]"
TCP 192.168.0.105:55416 151.236.120.21:443,TCP,TLS,Web,,,,,46.0,98,31.0,83,46.0,98,0.0,52,15.4,67.4,0.0,52.0,0.0,52.0,31.0,83.0,77.0,337,2,5,4667.0,"[16.0, 17.0, 24.0]",0.0,52,0.0,52,0.0,64,0.0,52,0.0,56.0,0.0,52.0,0.0,52.0,0.0,58.0,0.0,168,0,3,4.0,"[16.0, 17.0]"
TCP 192.168.0.105:55504 151.236.120.21:443,TCP,TLS,Web,,,,,46.0,98,31.0,83,46.0,98,0.0,52,19.25,71.25,15.5,67.5,0.0,52.0,34.75,86.75,77.0,285,2,4,4378.0,"[16.0, 17.0, 24.0]",0.0,52,0.0,52,0.0,52,0.0,52,0.0,52.0,0.0,52.0,0.0,52.0,0.0,52.0,0.0,104,0,2,4.0,"[16.0, 17.0]"
TCP 192.168.0.105:49556 47.254.145.67:2081,TCP,Unknown,Unspecified,,,,,0.0,60,0.0,60,0.0,60,0.0,60,0.0,60.0,0.0,60.0,0.0,60.0,0.0,60.0,0.0,240,0,4,29200.0,[2.0],0.0,0.0,0.0,0.0,0.0,0.0,0.0,0.0,0.0,0.0,0.0,0.0,0.0,0.0,0.0,0.0,0.0,0.0,0.0,0.0,0.0,0.0
TCP 192.168.0.105:42696 47.254.145.67:80,TCP,HTTP,Web,,,,,0.0,60,0.0,60,0.0,60,0.0,60,0.0,60.0,0.0,60.0,0.0,60.0,0.0,60.0,0.0,240,0,4,29200.0,[2.0],0.0,0.0,0.0,0.0,0.0,0.0,0.0,0.0,0.0,0.0,0.0,0.0,0.0,0.0,0.0,0.0,0.0,0.0,0.0,0.0,0.0,0.0
TCP 192.168.0.105:42876 52.232.72.241:443,TCP,TLS,Web,,,,,0.0,52,nan,nan,0.0,52,0.0,52,0.0,52.0,0.0,52.0,0.0,52.0,0.0,52.0,0.0,52,0,1,319.0,[20.0],0.0,0.0,0.0,0.0,0.0,0.0,0.0,0.0,0.0,0.0,0.0,0.0,0.0,0.0,0.0,0.0,0.0,0.0,0.0,0.0,0.0,0.0
TCP 192.168.0.105:42874 52.232.72.241:443,TCP,TLS,Web,,,,,0.0,52,nan,nan,0.0,52,0.0,52,0.0,52.0,0.0,52.0,0.0,52.0,0.0,52.0,0.0,52,0,1,319.0,[20.0],0.0,0.0,0.0,0.0,0.0,0.0,0.0,0.0,0.0,0.0,0.0,0.0,0.0,0.0,0.0,0.0,0.0,0.0,0.0,0.0,0.0,0.0
TCP 192.168.0.105:60076 40.127.129.109:443,TCP,TLS.Skype,VoIP,,,,,707.0,759,1428.0,1480,1428.0,1480,0.0,52,850.75,902.75,987.5,1039.5,530.25,582.25,1308.0,1360.0,3403.0,3611,3,4,525.5,"[16.0, 17.0, 24.0]",0.0,52,445.0,497,445.0,497,0.0,52,148.33333333333334,200.33333333333334,0.0,52.0,0.0,52.0,222.5,274.5,445.0,601,1,3,1026.0,"[16.0, 25.0]"
TCP 192.168.0.105:57782 34.197.96.220:443,TCP,TLS.Amazon,Web,,,,,0.0,52,0.0,52,0.0,52,0.0,52,0.0,52.0,0.0,52.0,0.0,52.0,0.0,52.0,0.0,312,0,6,364.0,"[16.0, 17.0]",0.0,52,0.0,52,31.0,83,0.0,52,6.2,58.2,0.0,52.0,0.0,52.0,0.0,52.0,31.0,291,1,5,121.0,"[16.0, 17.0, 24.0]"
TCP 192.168.0.105:57784 34.197.96.220:443,TCP,TLS.Amazon,Web,,,,,0.0,52,0.0,52,0.0,52,0.0,52,0.0,52.0,0.0,52.0,0.0,52.0,0.0,52.0,0.0,260,0,5,364.0,"[16.0, 17.0]",0.0,52,0.0,52,31.0,83,0.0,52,6.2,58.2,0.0,52.0,0.0,52.0,0.0,52.0,31.0,291,1,5,121.0,"[16.0, 17.0, 24.0]"
TCP 192.168.0.105:48650 91.228.155.121:443,TCP,TLS,Web,,,,,38.0,90,23.0,75,38.0,90,0.0,52,15.25,67.25,11.5,63.5,0.0,52.0,26.75,78.75,61.0,269,2,4,65535.0,"[16.0, 17.0, 24.0]",0.0,52,0.0,52,0.0,52,0.0,52,0.0,52.0,0.0,52.0,0.0,52.0,0.0,52.0,0.0,156,0,3,64080.0,"[16.0, 17.0]"
TCP 192.168.0.105:37068 31.200.251.17:443,TCP,TLS,Web,,,,,46.0,98,31.0,83,46.0,98,0.0,52,19.25,71.25,15.5,67.5,0.0,52.0,34.75,86.75,77.0,285,2,4,1444.0,"[16.0, 17.0, 24.0]",0.0,52,0.0,52,0.0,52,0.0,52,0.0,52.0,0.0,52.0,0.0,52.0,0.0,52.0,0.0,104,0,2,4.0,"[16.0, 17.0]"
UDP 192.168.0.105:50520 52.114.74.4:3478,UDP,Unknown,Unspecified,,,,,897.0,925,1009.0,1037,1009.0,1037,37.0,65,287.4,315.4,161.0,189.0,37.0,65.0,293.0,321.0,2874.0,3154,10,10,0.0,[0.0],273.0,301,273.0,301,1073.0,1101,37.0,65,505.8,533.8,521.0,549.0,273.0,301.0,729.0,757.0,5058.0,5338,10,10,0.0,[0.0]
TCP 192.168.0.105:43185 13.69.188.18:443,TCP,TLS.Microsoft,Cloud,,,,,56.0,108,0.0,52,56.0,108,0.0,52,28.0,80.0,28.0,80.0,0.0,52.0,56.0,108.0,168.0,480,3,6,341.0,"[16.0, 24.0]",45.0,97,45.0,97,45.0,97,45.0,97,45.0,97.0,45.0,97.0,45.0,97.0,45.0,97.0,135.0,291,3,3,1021.0,[24.0]
TCP 192.168.0.105:34844 64.233.165.95:443,TCP,TLS.Google,Web,,,,,0.0,52,0.0,52,0.0,52,0.0,52,0.0,52.0,0.0,52.0,0.0,52.0,0.0,52.0,0.0,104,0,2,362.0,[16.0],0.0,52,0.0,52,0.0,52,0.0,52,0.0,52.0,0.0,52.0,0.0,52.0,0.0,52.0,0.0,104,0,2,179.0,[16.0]
TCP 213.180.204.179:443 192.168.0.105:55194,TCP,TLS,Web,,,,,85.0,137,nan,nan,85.0,137,85.0,137,85.0,137.0,85.0,137.0,85.0,137.0,85.0,137.0,85.0,137,1,1,122.0,[24.0],0.0,52,nan,nan,0.0,52,0.0,52,0.0,52.0,0.0,52.0,0.0,52.0,0.0,52.0,0.0,52,0,1,362.0,[16.0]
TCP 192.168.0.105:42872 52.232.72.241:443,TCP,TLS,Web,,,,,0.0,52,0.0,52,0.0,52,0.0,52,0.0,52.0,0.0,52.0,0.0,52.0,0.0,52.0,0.0,104,0,2,1201.0,[16.0],0.0,52,0.0,52,0.0,52,0.0,52,0.0,52.0,0.0,52.0,0.0,52.0,0.0,52.0,0.0,104,0,2,1025.0,[16.0]
TCP 192.168.0.105:59260 52.142.195.191:443,TCP,TLS,Web,,,,,0.0,52,0.0,52,0.0,52,0.0,52,0.0,52.0,0.0,52.0,0.0,52.0,0.0,52.0,0.0,104,0,2,431.0,[16.0],0.0,52,0.0,52,0.0,52,0.0,52,0.0,52.0,0.0,52.0,0.0,52.0,0.0,52.0,0.0,104,0,2,1026.0,[16.0]
TCP 192.168.0.105:35716 13.81.81.48:443,TCP,TLS.Microsoft,Cloud,,,,,0.0,52,0.0,52,0.0,52,0.0,52,0.0,52.0,0.0,52.0,0.0,52.0,0.0,52.0,0.0,104,0,2,409.0,[16.0],0.0,52,0.0,52,0.0,52,0.0,52,0.0,52.0,0.0,52.0,0.0,52.0,0.0,52.0,0.0,104,0,2,1021.0,[16.0]
TCP 192.168.0.105:41338 52.203.124.136:443,TCP,TLS.Amazon,Web,,,,,0.0,52,0.0,52,0.0,52,0.0,52,0.0,52.0,0.0,52.0,0.0,52.0,0.0,52.0,0.0,260,0,5,364.0,"[16.0, 17.0]",0.0,52,0.0,52,31.0,83,0.0,52,6.2,58.2,0.0,52.0,0.0,52.0,0.0,52.0,31.0,291,1,5,114.0,"[16.0, 17.0, 24.0]"
UDP 192.168.0.105:48251 8.8.8.8:53,UDP,DNS.Google,Web,,webdav.yandex.ru,,,34.0,62,nan,nan,34.0,62,34.0,62,34.0,62.0,34.0,62.0,34.0,62.0,34.0,62.0,34.0,62,1,1,0.0,[0.0],50.0,78,nan,nan,50.0,78,50.0,78,50.0,78.0,50.0,78.0,50.0,78.0,50.0,78.0,50.0,78,1,1,0.0,[0.0]
UDP 192.168.0.105:40052 8.8.8.8:53,UDP,DNS.Google,Web,,webdav.yandex.ru,,,34.0,62,nan,nan,34.0,62,34.0,62,34.0,62.0,34.0,62.0,34.0,62.0,34.0,62.0,34.0,62,1,1,0.0,[0.0],62.0,90,nan,nan,62.0,90,62.0,90,62.0,90.0,62.0,90.0,62.0,90.0,62.0,90.0,62.0,90,1,1,0.0,[0.0]
TCP 192.168.0.105:43094 87.250.250.53:443,TCP,TLS,Web,,,18a154d5497c7fbb1aae3d81c33c9b4f,ada793d0f02b028a6c840504edccb652,0.0,60,0.0,52,401.0,453,0.0,52,111.5,164.3,0.0,56.0,0.0,52.0,249.75,301.75,1115.0,1643,4,10,3181.7,"[2.0, 16.0, 24.0]",0.0,60,0.0,52,1398.0,1450,0.0,52,532.0,584.8,283.0,335.0,0.0,54.0,1188.5,1240.5,5320.0,5848,6,10,4344.0,"[16.0, 18.0, 24.0]"
TCP 192.168.0.105:33814 52.54.78.229:443,TCP,TLS.Amazon,Web,,,,,0.0,52,0.0,52,0.0,52,0.0,52,0.0,52.0,0.0,52.0,0.0,52.0,0.0,52.0,0.0,312,0,6,364.0,"[16.0, 17.0]",0.0,52,0.0,52,31.0,83,0.0,52,6.2,58.2,0.0,52.0,0.0,52.0,0.0,52.0,31.0,291,1,5,114.0,"[16.0, 17.0, 24.0]"
TCP 192.168.0.105:40650 104.215.101.245:443,TCP,TLS,Web,,,,,0.0,52,1221.0,1273,1221.0,1273,0.0,52,305.25,357.25,0.0,52.0,0.0,52.0,305.25,357.25,1221.0,1429,1,4,352.5,"[16.0, 24.0]",0.0,52,0.0,52,661.0,713,0.0,52,165.25,217.25,0.0,52.0,0.0,52.0,165.25,217.25,661.0,869,1,4,509.25,"[16.0, 24.0]"
TCP 192.168.0.105:49562 47.254.145.67:2081,TCP,Unknown,Unspecified,,,,,0.0,60,0.0,60,0.0,60,0.0,60,0.0,60.0,0.0,60.0,0.0,60.0,0.0,60.0,0.0,240,0,4,29200.0,[2.0],0.0,0.0,0.0,0.0,0.0,0.0,0.0,0.0,0.0,0.0,0.0,0.0,0.0,0.0,0.0,0.0,0.0,0.0,0.0,0.0,0.0,0.0
TCP 192.168.0.105:42702 47.254.145.67:80,TCP,HTTP,Web,,,,,0.0,60,0.0,60,0.0,60,0.0,60,0.0,60.0,0.0,60.0,0.0,60.0,0.0,60.0,0.0,240,0,4,29200.0,[2.0],0.0,0.0,0.0,0.0,0.0,0.0,0.0,0.0,0.0,0.0,0.0,0.0,0.0,0.0,0.0,0.0,0.0,0.0,0.0,0.0,0.0,0.0
UDP 192.168.0.105:44727 8.8.8.8:53,UDP,DNS.Google,Web,,skypesmssfe.trafficmanager.net,,,48.0,76,nan,nan,48.0,76,48.0,76,48.0,76.0,48.0,76.0,48.0,76.0,48.0,76.0,48.0,76,1,1,0.0,[0.0],124.0,152,nan,nan,124.0,152,124.0,152,124.0,152.0,124.0,152.0,124.0,152.0,124.0,152.0,124.0,152,1,1,0.0,[0.0]
TCP 192.168.0.105:57830 13.93.107.73:443,TCP,TLS.Microsoft,Cloud,,skypesmssfe.trafficmanager.net,94c485bca29d5392be53f2b8cf7f4304,986571066668055ae9481cb84fda634a,0.0,60,0.0,52,1041.0,1093,0.0,52,122.9090909090909,175.63636363636363,0.0,52.0,0.0,52.0,46.5,102.5,1352.0,1932,3,11,2919.818181818182,"[2.0, 16.0, 24.0]",0.0,60,1428.0,1480,1428.0,1480,0.0,52,651.1111111111111,704.0,349.0,401.0,0.0,60.0,1428.0,1480.0,5860.0,6336,6,9,1820.5555555555557,"[16.0, 18.0, 24.0]"
TCP 192.168.0.105:35214 13.79.147.101:443,TCP,TLS.Microsoft,Cloud,,,,,453.0,505,0.0,52,453.0,505,0.0,52,50.333333333333336,102.33333333333333,0.0,52.0,0.0,52.0,0.0,52.0,453.0,921,1,9,1083.888888888889,"[16.0, 24.0]",1428.0,1480,1428.0,1480,1428.0,1480,0.0,52,1206.625,1258.625,1428.0,1480.0,1342.25,1394.25,1428.0,1480.0,9653.0,10069,7,8,508.0,"[16.0, 24.0]"
TCP 192.168.0.105:35210 13.79.147.101:443,TCP,TLS.Microsoft,Cloud,,,,,469.0,521,0.0,52,469.0,521,0.0,52,78.16666666666667,130.16666666666666,0.0,52.0,0.0,52.0,0.0,52.0,469.0,781,1,6,1034.5,"[16.0, 24.0]",0.0,52,1428.0,1480,1428.0,1480,0.0,52,899.5,951.5,1270.5,1322.5,278.25,330.25,1428.0,1480.0,5397.0,5709,4,6,509.0,"[16.0, 24.0]"
UDP 192.168.0.105:26454 13.107.17.20:3478,UDP,STUN.SkypeCall,VoIP,,,,,133.0,161,nan,nan,133.0,161,133.0,161,133.0,161.0,133.0,161.0,133.0,161.0,133.0,161.0,133.0,161,1,1,0.0,[0.0],186.0,214,nan,nan,186.0,214,186.0,214,186.0,214.0,186.0,214.0,186.0,214.0,186.0,214.0,186.0,214,1,1,0.0,[0.0]
TCP 192.168.0.105:60045 13.107.17.20:443,TCP,TLS.Microsoft,Cloud,,,98d82c43de4e22a055da96bcef1ca9b9,233a541ade543e40c59e1f7ac7019c3d,0.0,60,0.0,40,50.0,90,0.0,40,8.333333333333334,51.666666666666664,0.0,40.0,0.0,40.0,0.0,55.0,50.0,310,1,6,4981.166666666667,"[2.0, 4.0, 16.0, 17.0, 24.0]",0.0,52,0.0,40,83.0,123,0.0,40,20.75,63.75,0.0,46.0,0.0,40.0,20.75,69.75,83.0,255,1,4,17155.5,"[16.0, 18.0, 24.0]"
UDP 192.168.0.105:64306 13.107.17.20:3478,UDP,STUN.SkypeCall,VoIP,,,,,133.0,161,nan,nan,133.0,161,133.0,161,133.0,161.0,133.0,161.0,133.0,161.0,133.0,161.0,133.0,161,1,1,0.0,[0.0],187.0,215,nan,nan,187.0,215,187.0,215,187.0,215.0,187.0,215.0,187.0,215.0,187.0,215.0,187.0,215,1,1,0.0,[0.0]
TCP 192.168.0.105:24094 13.107.17.20:443,TCP,TLS.Microsoft,Cloud,,,98d82c43de4e22a055da96bcef1ca9b9,233a541ade543e40c59e1f7ac7019c3d,0.0,60,0.0,40,50.0,90,0.0,40,8.333333333333334,51.666666666666664,0.0,40.0,0.0,40.0,0.0,55.0,50.0,310,1,6,4981.166666666667,"[2.0, 4.0, 16.0, 17.0, 24.0]",0.0,52,0.0,40,83.0,123,0.0,40,20.75,63.75,0.0,46.0,0.0,40.0,20.75,69.75,83.0,255,1,4,17155.5,"[16.0, 18.0, 24.0]"
UDP 192.168.0.105:26454 104.44.200.140:3478,UDP,STUN.SkypeCall,VoIP,,,,,193.0,221,201.0,229,201.0,229,193.0,221,197.0,225.0,197.0,225.0,195.0,223.0,199.0,227.0,394.0,450,2,2,0.0,[0.0],152.0,180,152.0,180,152.0,180,152.0,180,152.0,180.0,152.0,180.0,152.0,180.0,152.0,180.0,304.0,360,2,2,0.0,[0.0]
UDP 192.168.0.105:64306 104.44.200.25:3478,UDP,STUN.SkypeCall,VoIP,,,,,194.0,222,202.0,230,202.0,230,194.0,222,198.0,226.0,198.0,226.0,196.0,224.0,200.0,228.0,396.0,452,2,2,0.0,[0.0],152.0,180,152.0,180,152.0,180,152.0,180,152.0,180.0,152.0,180.0,152.0,180.0,152.0,180.0,304.0,360,2,2,0.0,[0.0]
UDP 192.168.0.105:33275 8.8.8.8:53,UDP,DNS.Skype,VoIP,,c-broker-euwe-01.broker.skype.com,,,51.0,79,nan,nan,51.0,79,51.0,79,51.0,79.0,51.0,79.0,51.0,79.0,51.0,79.0,51.0,79,1,1,0.0,[0.0],116.0,144,nan,nan,116.0,144,116.0,144,116.0,144.0,116.0,144.0,116.0,144.0,116.0,144.0,116.0,144,1,1,0.0,[0.0]
UDP 192.168.0.105:47754 8.8.8.8:53,UDP,DNS.Skype,VoIP,,c-broker-euwe-01.broker.skype.com,,,51.0,79,51.0,79,51.0,79,51.0,79,51.0,79.0,51.0,79.0,51.0,79.0,51.0,79.0,102.0,158,2,2,0.0,[0.0],116.0,144,177.0,205,177.0,205,116.0,144,146.5,174.5,146.5,174.5,131.25,159.25,161.75,189.75,293.0,349,2,2,0.0,[0.0]
UDP 192.168.0.105:48896 8.8.8.8:53,UDP,DNS.Microsoft,Cloud,,browser.pipe.aria.microsoft.com,,,49.0,77,nan,nan,49.0,77,49.0,77,49.0,77.0,49.0,77.0,49.0,77.0,49.0,77.0,49.0,77,1,1,0.0,[0.0],201.0,229,nan,nan,201.0,229,201.0,229,201.0,229.0,201.0,229.0,201.0,229.0,201.0,229.0,201.0,229,1,1,0.0,[0.0]
TCP 192.168.0.105:60308 40.127.129.109:443,TCP,TLS.Microsoft,Cloud,,browser.pipe.aria.microsoft.com,94c485bca29d5392be53f2b8cf7f4304,986571066668055ae9481cb84fda634a,0.0,60,0.0,52,1121.0,1173,0.0,52,197.45454545454547,250.1818181818182,0.0,52.0,0.0,52.0,172.0,224.0,2172.0,2752,4,11,2917.818181818182,"[2.0, 16.0, 24.0]",0.0,60,0.0,52,1428.0,1480,0.0,52,662.3333333333334,715.2222222222222,426.0,478.0,0.0,60.0,1428.0,1480.0,5961.0,6437,6,9,1822.2222222222222,"[16.0, 18.0, 24.0]"
IPv6-ICMP fe80::26:790f:6670:b5e7:0 ff02::16:0,IPv6-ICMP,ICMPV6,Network,,,,,28.0,36,28.0,36,28.0,36,28.0,36,28.0,36.0,28.0,36.0,28.0,36.0,28.0,36.0,84.0,108,3,3,0.0,[0.0],0.0,0.0,0.0,0.0,0.0,0.0,0.0,0.0,0.0,0.0,0.0,0.0,0.0,0.0,0.0,0.0,0.0,0.0,0.0,0.0,0.0,0.0
IGMP 192.168.0.104:0 224.0.0.2:0,IGMP,IGMP,Network,,,,,0.0,32,0.0,32,0.0,32,0.0,32,0.0,32.0,0.0,32.0,0.0,32.0,0.0,32.0,0.0,96,0,3,0.0,[0.0],0.0,0.0,0.0,0.0,0.0,0.0,0.0,0.0,0.0,0.0,0.0,0.0,0.0,0.0,0.0,0.0,0.0,0.0,0.0,0.0,0.0,0.0
IGMP 192.168.0.104:0 224.0.0.251:0,IGMP,IGMP,Network,,,,,0.0,32,0.0,32,0.0,32,0.0,32,0.0,32.0,0.0,32.0,0.0,32.0,0.0,32.0,0.0,96,0,3,0.0,[0.0],0.0,0.0,0.0,0.0,0.0,0.0,0.0,0.0,0.0,0.0,0.0,0.0,0.0,0.0,0.0,0.0,0.0,0.0,0.0,0.0,0.0,0.0
TCP 192.168.0.105:57220 40.68.210.8:443,TCP,TLS,Web,,,,,0.0,52,0.0,52,0.0,52,0.0,52,0.0,52.0,0.0,52.0,0.0,52.0,0.0,52.0,0.0,104,0,2,590.0,[16.0],0.0,52,0.0,52,0.0,52,0.0,52,0.0,52.0,0.0,52.0,0.0,52.0,0.0,52.0,0.0,104,0,2,1024.0,[16.0]
TCP 192.168.0.105:38608 152.199.19.160:443,TCP,TLS,Web,,,,,0.0,40,0.0,40,0.0,40,0.0,40,0.0,40.0,0.0,40.0,0.0,40.0,0.0,40.0,0.0,120,0,3,615.0,"[16.0, 17.0]",0.0,40,69.0,109,69.0,109,0.0,40,20.0,60.0,0.0,40.0,0.0,40.0,31.0,71.0,100.0,300,2,5,290.0,"[16.0, 17.0, 24.0]"
TCP 192.168.0.105:49572 47.254.145.67:2081,TCP,Unknown,Unspecified,,,,,0.0,60,0.0,60,0.0,60,0.0,60,0.0,60.0,0.0,60.0,0.0,60.0,0.0,60.0,0.0,240,0,4,29200.0,[2.0],0.0,0.0,0.0,0.0,0.0,0.0,0.0,0.0,0.0,0.0,0.0,0.0,0.0,0.0,0.0,0.0,0.0,0.0,0.0,0.0,0.0,0.0
TCP 192.168.0.105:42712 47.254.145.67:80,TCP,HTTP,Web,,,,,0.0,60,0.0,60,0.0,60,0.0,60,0.0,60.0,0.0,60.0,0.0,60.0,0.0,60.0,0.0,240,0,4,29200.0,[2.0],0.0,0.0,0.0,0.0,0.0,0.0,0.0,0.0,0.0,0.0,0.0,0.0,0.0,0.0,0.0,0.0,0.0,0.0,0.0,0.0,0.0,0.0
TCP 192.168.0.105:41442 23.59.116.104:443,TCP,TLS,Web,,,,,0.0,52,0.0,52,0.0,52,0.0,52,0.0,52.0,0.0,52.0,0.0,52.0,0.0,52.0,0.0,104,0,2,499.0,[16.0],0.0,52,0.0,52,0.0,52,0.0,52,0.0,52.0,0.0,52.0,0.0,52.0,0.0,52.0,0.0,104,0,2,260.0,[16.0]
TCP 192.168.0.105:41440 23.59.116.104:443,TCP,TLS,Web,,,,,0.0,52,0.0,52,0.0,52,0.0,52,0.0,52.0,0.0,52.0,0.0,52.0,0.0,52.0,0.0,104,0,2,702.0,[16.0],0.0,52,0.0,52,0.0,52,0.0,52,0.0,52.0,0.0,52.0,0.0,52.0,0.0,52.0,0.0,104,0,2,260.0,[16.0]
UDP 192.168.0.102:5353 224.0.0.251:5353,UDP,MDNS,Network,,_airplay._tcp.local,,,49.0,77,49.0,77,49.0,77,49.0,77,49.0,77.0,49.0,77.0,49.0,77.0,49.0,77.0,147.0,231,3,3,0.0,[0.0],0.0,0.0,0.0,0.0,0.0,0.0,0.0,0.0,0.0,0.0,0.0,0.0,0.0,0.0,0.0,0.0,0.0,0.0,0.0,0.0,0.0,0.0
UDP fe80::186b:aeb0:5f9c:9840:5353 ff02::fb:5353,UDP,MDNS,Network,,_airplay._tcp.local,,,49.0,57,49.0,57,49.0,57,49.0,57,49.0,57.0,49.0,57.0,49.0,57.0,49.0,57.0,147.0,171,3,3,0.0,[0.0],0.0,0.0,0.0,0.0,0.0,0.0,0.0,0.0,0.0,0.0,0.0,0.0,0.0,0.0,0.0,0.0,0.0,0.0,0.0,0.0,0.0,0.0
ICMP 192.168.0.105:0 104.44.200.25:0,ICMP,ICMP,Network,,,,,180.0,208,nan,nan,180.0,208,180.0,208,180.0,208.0,180.0,208.0,180.0,208.0,180.0,208.0,180.0,208,1,1,0.0,[0.0],0.0,0.0,0.0,0.0,0.0,0.0,0.0,0.0,0.0,0.0,0.0,0.0,0.0,0.0,0.0,0.0,0.0,0.0,0.0,0.0,0.0,0.0
ICMP 192.168.0.105:0 104.44.200.140:0,ICMP,ICMP,Network,,,,,180.0,208,nan,nan,180.0,208,180.0,208,180.0,208.0,180.0,208.0,180.0,208.0,180.0,208.0,180.0,208,1,1,0.0,[0.0],0.0,0.0,0.0,0.0,0.0,0.0,0.0,0.0,0.0,0.0,0.0,0.0,0.0,0.0,0.0,0.0,0.0,0.0,0.0,0.0,0.0,0.0
TCP 192.168.0.105:34300 152.199.20.1:443,TCP,TLS,Web,,,,,0.0,40,0.0,40,0.0,40,0.0,40,0.0,40.0,0.0,40.0,0.0,40.0,0.0,40.0,0.0,80,0,2,546.0,[16.0],0.0,40,0.0,40,0.0,40,0.0,40,0.0,40.0,0.0,40.0,0.0,40.0,0.0,40.0,0.0,80,0,2,294.0,[16.0]
TCP 192.168.0.105:49576 47.254.145.67:2081,TCP,Unknown,Unspecified,,,,,0.0,60,0.0,60,0.0,60,0.0,60,0.0,60.0,0.0,60.0,0.0,60.0,0.0,60.0,0.0,240,0,4,29200.0,[2.0],0.0,0.0,0.0,0.0,0.0,0.0,0.0,0.0,0.0,0.0,0.0,0.0,0.0,0.0,0.0,0.0,0.0,0.0,0.0,0.0,0.0,0.0
TCP 192.168.0.105:42716 47.254.145.67:80,TCP,HTTP,Web,,,,,0.0,60,0.0,60,0.0,60,0.0,60,0.0,60.0,0.0,60.0,0.0,60.0,0.0,60.0,0.0,240,0,4,29200.0,[2.0],0.0,0.0,0.0,0.0,0.0,0.0,0.0,0.0,0.0,0.0,0.0,0.0,0.0,0.0,0.0,0.0,0.0,0.0,0.0,0.0,0.0,0.0
TCP 192.168.0.105:41444 23.59.116.104:443,TCP,TLS,Web,,,,,0.0,52,0.0,52,0.0,52,0.0,52,0.0,52.0,0.0,52.0,0.0,52.0,0.0,52.0,0.0,104,0,2,1444.0,[16.0],0.0,52,0.0,52,0.0,52,0.0,52,0.0,52.0,0.0,52.0,0.0,52.0,0.0,52.0,0.0,104,0,2,298.0,[16.0]
TCP 13.107.3.128:443 192.168.0.105:50852,TCP,TLS.Skype,VoIP,,,,,0.0,40,nan,nan,0.0,40,0.0,40,0.0,40.0,0.0,40.0,0.0,40.0,0.0,40.0,0.0,40,0,1,0.0,[20.0],0.0,0.0,0.0,0.0,0.0,0.0,0.0,0.0,0.0,0.0,0.0,0.0,0.0,0.0,0.0,0.0,0.0,0.0,0.0,0.0,0.0,0.0
TCP 192.168.0.105:46292 13.33.44.80:443,TCP,TLS.Amazon,Web,,,,,46.0,98,0.0,52,46.0,98,0.0,52,23.0,75.0,23.0,75.0,0.0,52.0,46.0,98.0,92.0,300,2,4,251.0,"[16.0, 24.0]",0.0,52,46.0,98,46.0,98,0.0,52,30.666666666666668,82.66666666666667,46.0,98.0,23.0,75.0,46.0,98.0,92.0,248,2,3,126.0,"[16.0, 24.0]"
TCP 192.168.0.105:34236 64.233.165.138:443,TCP,TLS.Google,Web,,,,,46.0,98,0.0,52,46.0,98,0.0,52,23.0,75.0,23.0,75.0,0.0,52.0,46.0,98.0,92.0,300,2,4,295.0,"[16.0, 24.0]",0.0,52,46.0,98,46.0,98,0.0,52,30.666666666666668,82.66666666666667,46.0,98.0,23.0,75.0,46.0,98.0,92.0,248,2,3,228.0,"[16.0, 24.0]"
UDP 192.168.0.105:123 194.54.80.29:123,UDP,NTP,System,,,,,48.0,76,nan,nan,48.0,76,48.0,76,48.0,76.0,48.0,76.0,48.0,76.0,48.0,76.0,48.0,76,1,1,0.0,[0.0],48.0,76,nan,nan,48.0,76,48.0,76,48.0,76.0,48.0,76.0,48.0,76.0,48.0,76.0,48.0,76,1,1,0.0,[0.0]
UDP 192.168.0.105:58911 8.8.8.8:53,UDP,DNS.Google,Web,,ghostery-sign.ghostery.com,,,44.0,72,44.0,72,44.0,72,44.0,72,44.0,72.0,44.0,72.0,44.0,72.0,44.0,72.0,88.0,144,2,2,0.0,[0.0],155.0,183,189.0,217,189.0,217,155.0,183,172.0,200.0,172.0,200.0,163.5,191.5,180.5,208.5,344.0,400,2,2,0.0,[0.0]
TCP 192.168.0.105:58218 18.184.0.157:80,TCP,HTTP,Web,Mozilla/5.0 (X11; Ubuntu; Linux x86_64; rv:59.0) Gecko/20100101 Firefox/59.0,18.184.0.157,,,0.0,60,0.0,52,1428.0,1480,0.0,52,1224.0,1276.5714285714287,1428.0,1480.0,1428.0,1480.0,1428.0,1480.0,17136.0,17872,12,14,2298.3571428571427,"[2.0, 16.0, 24.0]",0.0,60,0.0,52,0.0,60,0.0,52,0.0,53.333333333333336,0.0,52.0,0.0,52.0,0.0,52.0,0.0,320,0,6,5071.333333333333,"[16.0, 18.0]"
TCP 192.168.0.105:49584 47.254.145.67:2081,TCP,Unknown,Unspecified,,,,,0.0,60,0.0,60,0.0,60,0.0,60,0.0,60.0,0.0,60.0,0.0,60.0,0.0,60.0,0.0,240,0,4,29200.0,[2.0],0.0,0.0,0.0,0.0,0.0,0.0,0.0,0.0,0.0,0.0,0.0,0.0,0.0,0.0,0.0,0.0,0.0,0.0,0.0,0.0,0.0,0.0
TCP 192.168.0.105:42724 47.254.145.67:80,TCP,HTTP,Web,,,,,0.0,60,0.0,60,0.0,60,0.0,60,0.0,60.0,0.0,60.0,0.0,60.0,0.0,60.0,0.0,240,0,4,29200.0,[2.0],0.0,0.0,0.0,0.0,0.0,0.0,0.0,0.0,0.0,0.0,0.0,0.0,0.0,0.0,0.0,0.0,0.0,0.0,0.0,0.0,0.0,0.0
IGMP 192.168.0.1:0 224.0.0.1:0,IGMP,IGMP,Network,,,,,0.0,32,nan,nan,0.0,32,0.0,32,0.0,32.0,0.0,32.0,0.0,32.0,0.0,32.0,0.0,32,0,1,0.0,[0.0],0.0,0.0,0.0,0.0,0.0,0.0,0.0,0.0,0.0,0.0,0.0,0.0,0.0,0.0,0.0,0.0,0.0,0.0,0.0,0.0,0.0,0.0
TCP 192.168.0.105:34158 64.233.165.138:443,TCP,TLS.Google,Web,,,,,46.0,98,0.0,52,46.0,98,0.0,52,23.0,75.0,23.0,75.0,0.0,52.0,46.0,98.0,92.0,300,2,4,279.0,"[16.0, 24.0]",0.0,52,46.0,98,46.0,98,0.0,52,30.666666666666668,82.66666666666667,46.0,98.0,23.0,75.0,46.0,98.0,92.0,248,2,3,217.0,"[16.0, 24.0]"
IGMP 192.168.0.105:0 224.0.0.251:0,IGMP,IGMP,Network,,,,,0.0,32,nan,nan,0.0,32,0.0,32,0.0,32.0,0.0,32.0,0.0,32.0,0.0,32.0,0.0,32,0,1,0.0,[0.0],0.0,0.0,0.0,0.0,0.0,0.0,0.0,0.0,0.0,0.0,0.0,0.0,0.0,0.0,0.0,0.0,0.0,0.0,0.0,0.0,0.0,0.0
TCP 192.168.0.105:57326 151.236.65.14:443,TCP,TLS,Web,,,,,46.0,98,0.0,52,46.0,98,0.0,52,23.0,75.0,23.0,75.0,11.5,63.5,34.5,86.5,46.0,150,1,2,1404.0,"[16.0, 24.0]",46.0,98,nan,nan,46.0,98,46.0,98,46.0,98.0,46.0,98.0,46.0,98.0,46.0,98.0,46.0,98,1,1,3.0,[24.0]
TCP 192.168.0.105:49588 47.254.145.67:2081,TCP,Unknown,Unspecified,,,,,0.0,60,0.0,60,0.0,60,0.0,60,0.0,60.0,0.0,60.0,0.0,60.0,0.0,60.0,0.0,240,0,4,29200.0,[2.0],0.0,0.0,0.0,0.0,0.0,0.0,0.0,0.0,0.0,0.0,0.0,0.0,0.0,0.0,0.0,0.0,0.0,0.0,0.0,0.0,0.0,0.0
TCP 192.168.0.105:42728 47.254.145.67:80,TCP,HTTP,Web,,,,,0.0,60,0.0,60,0.0,60,0.0,60,0.0,60.0,0.0,60.0,0.0,60.0,0.0,60.0,0.0,240,0,4,29200.0,[2.0],0.0,0.0,0.0,0.0,0.0,0.0,0.0,0.0,0.0,0.0,0.0,0.0,0.0,0.0,0.0,0.0,0.0,0.0,0.0,0.0,0.0,0.0
TCP 192.168.0.105:49592 47.254.145.67:2081,TCP,Unknown,Unspecified,,,,,0.0,60,0.0,60,0.0,60,0.0,60,0.0,60.0,0.0,60.0,0.0,60.0,0.0,60.0,0.0,240,0,4,29200.0,[2.0],0.0,0.0,0.0,0.0,0.0,0.0,0.0,0.0,0.0,0.0,0.0,0.0,0.0,0.0,0.0,0.0,0.0,0.0,0.0,0.0,0.0,0.0
TCP 192.168.0.105:42732 47.254.145.67:80,TCP,HTTP,Web,,,,,0.0,60,0.0,60,0.0,60,0.0,60,0.0,60.0,0.0,60.0,0.0,60.0,0.0,60.0,0.0,240,0,4,29200.0,[2.0],0.0,0.0,0.0,0.0,0.0,0.0,0.0,0.0,0.0,0.0,0.0,0.0,0.0,0.0,0.0,0.0,0.0,0.0,0.0,0.0,0.0,0.0
TCP 192.168.0.105:49596 47.254.145.67:2081,TCP,Unknown,Unspecified,,,,,0.0,60,0.0,60,0.0,60,0.0,60,0.0,60.0,0.0,60.0,0.0,60.0,0.0,60.0,0.0,240,0,4,29200.0,[2.0],0.0,0.0,0.0,0.0,0.0,0.0,0.0,0.0,0.0,0.0,0.0,0.0,0.0,0.0,0.0,0.0,0.0,0.0,0.0,0.0,0.0,0.0
TCP 192.168.0.105:42736 47.254.145.67:80,TCP,HTTP,Web,,,,,0.0,60,0.0,60,0.0,60,0.0,60,0.0,60.0,0.0,60.0,0.0,60.0,0.0,60.0,0.0,240,0,4,29200.0,[2.0],0.0,0.0,0.0,0.0,0.0,0.0,0.0,0.0,0.0,0.0,0.0,0.0,0.0,0.0,0.0,0.0,0.0,0.0,0.0,0.0,0.0,0.0
TCP 192.168.0.105:60338 40.127.129.109:443,TCP,TLS.Microsoft,Cloud,,browser.pipe.aria.microsoft.com,94c485bca29d5392be53f2b8cf7f4304,986571066668055ae9481cb84fda634a,0.0,60,0.0,52,1428.0,1480,0.0,52,207.41666666666666,260.0833333333333,0.0,56.0,0.0,52.0,132.5,184.5,2489.0,3121,5,12,2701.25,"[2.0, 16.0, 24.0]",0.0,60,1428.0,1480,1428.0,1480,0.0,52,745.125,798.125,813.0,865.0,38.25,92.25,1428.0,1480.0,5961.0,6385,6,8,1921.75,"[16.0, 18.0, 24.0]"
TCP 192.168.0.105:49602 47.254.145.67:2081,TCP,Unknown,Unspecified,,,,,0.0,60,0.0,60,0.0,60,0.0,60,0.0,60.0,0.0,60.0,0.0,60.0,0.0,60.0,0.0,240,0,4,29200.0,[2.0],0.0,0.0,0.0,0.0,0.0,0.0,0.0,0.0,0.0,0.0,0.0,0.0,0.0,0.0,0.0,0.0,0.0,0.0,0.0,0.0,0.0,0.0
TCP 192.168.0.105:42742 47.254.145.67:80,TCP,HTTP,Web,,,,,0.0,60,0.0,60,0.0,60,0.0,60,0.0,60.0,0.0,60.0,0.0,60.0,0.0,60.0,0.0,240,0,4,29200.0,[2.0],0.0,0.0,0.0,0.0,0.0,0.0,0.0,0.0,0.0,0.0,0.0,0.0,0.0,0.0,0.0,0.0,0.0,0.0,0.0,0.0,0.0,0.0
UDP 192.168.0.105:46080 8.8.8.8:53,UDP,DNS.Google,Web,,webdav.yandex.ru,,,34.0,62,nan,nan,34.0,62,34.0,62,34.0,62.0,34.0,62.0,34.0,62.0,34.0,62.0,34.0,62,1,1,0.0,[0.0],50.0,78,nan,nan,50.0,78,50.0,78,50.0,78.0,50.0,78.0,50.0,78.0,50.0,78.0,50.0,78,1,1,0.0,[0.0]
UDP 192.168.0.105:50482 8.8.8.8:53,UDP,DNS.Google,Web,,webdav.yandex.ru,,,34.0,62,nan,nan,34.0,62,34.0,62,34.0,62.0,34.0,62.0,34.0,62.0,34.0,62.0,34.0,62,1,1,0.0,[0.0],62.0,90,nan,nan,62.0,90,62.0,90,62.0,90.0,62.0,90.0,62.0,90.0,62.0,90.0,62.0,90,1,1,0.0,[0.0]
TCP 192.168.0.105:43140 87.250.250.53:443,TCP,TLS,Web,,,18a154d5497c7fbb1aae3d81c33c9b4f,ada793d0f02b028a6c840504edccb652,0.0,60,0.0,52,401.0,453,0.0,52,111.5,164.3,0.0,56.0,0.0,52.0,249.75,301.75,1115.0,1643,4,10,3181.4,"[2.0, 16.0, 24.0]",0.0,60,0.0,52,1350.0,1402,0.0,52,532.0,584.8,355.0,407.0,0.0,54.0,1152.5,1204.5,5320.0,5848,6,10,4344.0,"[16.0, 18.0, 24.0]"
TCP 192.168.0.105:33482 68.232.34.200:443,TCP,TLS,Web,,,,,0.0,40,nan,nan,0.0,40,0.0,40,0.0,40.0,0.0,40.0,0.0,40.0,0.0,40.0,0.0,40,0,1,1452.0,[16.0],0.0,40,nan,nan,0.0,40,0.0,40,0.0,40.0,0.0,40.0,0.0,40.0,0.0,40.0,0.0,40,0,1,304.0,[16.0]
UDP 192.168.0.105:123 79.142.192.4:123,UDP,NTP,System,,,,,48.0,76,nan,nan,48.0,76,48.0,76,48.0,76.0,48.0,76.0,48.0,76.0,48.0,76.0,48.0,76,1,1,0.0,[0.0],48.0,76,nan,nan,48.0,76,48.0,76,48.0,76.0,48.0,76.0,48.0,76.0,48.0,76.0,48.0,76,1,1,0.0,[0.0]
TCP 192.168.0.105:49608 47.254.145.67:2081,TCP,Unknown,Unspecified,,,,,0.0,60,0.0,60,0.0,60,0.0,60,0.0,60.0,0.0,60.0,0.0,60.0,0.0,60.0,0.0,240,0,4,29200.0,[2.0],0.0,0.0,0.0,0.0,0.0,0.0,0.0,0.0,0.0,0.0,0.0,0.0,0.0,0.0,0.0,0.0,0.0,0.0,0.0,0.0,0.0,0.0
TCP 192.168.0.105:42748 47.254.145.67:80,TCP,HTTP,Web,,,,,0.0,60,0.0,60,0.0,60,0.0,60,0.0,60.0,0.0,60.0,0.0,60.0,0.0,60.0,0.0,240,0,4,29200.0,[2.0],0.0,0.0,0.0,0.0,0.0,0.0,0.0,0.0,0.0,0.0,0.0,0.0,0.0,0.0,0.0,0.0,0.0,0.0,0.0,0.0,0.0,0.0
UDP 192.168.0.102:18826 192.168.0.105:26454,UDP,Unknown,Unspecified,,,,,86.0,114,88.0,116,113.0,141,86.0,114,98.4,126.4,102.5,130.5,88.0,116.0,103.75,131.75,984.0,1264,10,10,0.0,[0.0],102.0,130,85.0,113,119.0,147,85.0,113,101.4,129.4,102.5,130.5,92.25,120.25,106.5,134.5,1014.0,1294,10,10,0.0,[0.0]
TCP 52.114.74.11:443 192.168.0.105:37298,TCP,TLS.Skype,VoIP,,,,,584.0,636,0.0,52,584.0,636,0.0,52,147.6,199.6,0.0,52.0,0.0,52.0,154.0,206.0,738.0,998,2,5,1025.0,"[16.0, 17.0, 24.0]",656.0,708,31.0,83,656.0,708,0.0,40,137.4,184.6,0.0,52.0,0.0,40.0,31.0,83.0,687.0,923,2,5,215.4,"[4.0, 17.0, 24.0]"
TCP 52.178.207.179:443 192.168.0.105:54634,TCP,TLS,Web,,,,,0.0,40,nan,nan,0.0,40,0.0,40,0.0,40.0,0.0,40.0,0.0,40.0,0.0,40.0,0.0,40,0,1,0.0,[20.0],0.0,0.0,0.0,0.0,0.0,0.0,0.0,0.0,0.0,0.0,0.0,0.0,0.0,0.0,0.0,0.0,0.0,0.0,0.0,0.0,0.0,0.0
TCP 192.168.0.105:49612 47.254.145.67:2081,TCP,Unknown,Unspecified,,,,,0.0,60,0.0,60,0.0,60,0.0,60,0.0,60.0,0.0,60.0,0.0,60.0,0.0,60.0,0.0,240,0,4,29200.0,[2.0],0.0,0.0,0.0,0.0,0.0,0.0,0.0,0.0,0.0,0.0,0.0,0.0,0.0,0.0,0.0,0.0,0.0,0.0,0.0,0.0,0.0,0.0
TCP 192.168.0.105:42752 47.254.145.67:80,TCP,HTTP,Web,,,,,0.0,60,0.0,60,0.0,60,0.0,60,0.0,60.0,0.0,60.0,0.0,60.0,0.0,60.0,0.0,240,0,4,29200.0,[2.0],0.0,0.0,0.0,0.0,0.0,0.0,0.0,0.0,0.0,0.0,0.0,0.0,0.0,0.0,0.0,0.0,0.0,0.0,0.0,0.0,0.0,0.0
TCP 52.162.166.27:443 192.168.0.105:40066,TCP,TLS,Web,,,,,0.0,40,nan,nan,0.0,40,0.0,40,0.0,40.0,0.0,40.0,0.0,40.0,0.0,40.0,0.0,40,0,1,0.0,[20.0],0.0,0.0,0.0,0.0,0.0,0.0,0.0,0.0,0.0,0.0,0.0,0.0,0.0,0.0,0.0,0.0,0.0,0.0,0.0,0.0,0.0,0.0
UDP 192.168.0.1:35172 239.255.255.250:1900,UDP,SSDP,System,,,,,265.0,293,274.0,302,345.0,373,265.0,293,307.0,335.0,320.0,348.0,274.0,302.0,334.0,362.0,3684.0,4020,12,12,0.0,[0.0],0.0,0.0,0.0,0.0,0.0,0.0,0.0,0.0,0.0,0.0,0.0,0.0,0.0,0.0,0.0,0.0,0.0,0.0,0.0,0.0,0.0,0.0
TCP 13.107.3.128:443 192.168.0.105:50842,TCP,TLS.Skype,VoIP,,,,,0.0,40,nan,nan,0.0,40,0.0,40,0.0,40.0,0.0,40.0,0.0,40.0,0.0,40.0,0.0,40,0,1,0.0,[20.0],0.0,0.0,0.0,0.0,0.0,0.0,0.0,0.0,0.0,0.0,0.0,0.0,0.0,0.0,0.0,0.0,0.0,0.0,0.0,0.0,0.0,0.0
TCP 52.114.74.4:443 192.168.0.105:60374,TCP,TLS.Skype,VoIP,,,,,0.0,40,nan,nan,0.0,40,0.0,40,0.0,40.0,0.0,40.0,0.0,40.0,0.0,40.0,0.0,40,0,1,0.0,[20.0],0.0,0.0,0.0,0.0,0.0,0.0,0.0,0.0,0.0,0.0,0.0,0.0,0.0,0.0,0.0,0.0,0.0,0.0,0.0,0.0,0.0,0.0
TCP 52.233.131.90:443 192.168.0.105:49876,TCP,TLS,Web,,,,,0.0,40,nan,nan,0.0,40,0.0,40,0.0,40.0,0.0,40.0,0.0,40.0,0.0,40.0,0.0,40,0,1,0.0,[20.0],0.0,0.0,0.0,0.0,0.0,0.0,0.0,0.0,0.0,0.0,0.0,0.0,0.0,0.0,0.0,0.0,0.0,0.0,0.0,0.0,0.0,0.0
TCP 13.93.149.41:443 192.168.0.105:48328,TCP,TLS.Microsoft,Cloud,,,,,0.0,40,nan,nan,0.0,40,0.0,40,0.0,40.0,0.0,40.0,0.0,40.0,0.0,40.0,0.0,40,0,1,0.0,[20.0],0.0,0.0,0.0,0.0,0.0,0.0,0.0,0.0,0.0,0.0,0.0,0.0,0.0,0.0,0.0,0.0,0.0,0.0,0.0,0.0,0.0,0.0
TCP 192.168.0.105:49616 47.254.145.67:2081,TCP,Unknown,Unspecified,,,,,0.0,60,0.0,60,0.0,60,0.0,60,0.0,60.0,0.0,60.0,0.0,60.0,0.0,60.0,0.0,180,0,3,29200.0,[2.0],0.0,0.0,0.0,0.0,0.0,0.0,0.0,0.0,0.0,0.0,0.0,0.0,0.0,0.0,0.0,0.0,0.0,0.0,0.0,0.0,0.0,0.0
TCP 192.168.0.105:42756 47.254.145.67:80,TCP,HTTP,Web,,,,,0.0,60,0.0,60,0.0,60,0.0,60,0.0,60.0,0.0,60.0,0.0,60.0,0.0,60.0,0.0,180,0,3,29200.0,[2.0],0.0,0.0,0.0,0.0,0.0,0.0,0.0,0.0,0.0,0.0,0.0,0.0,0.0,0.0,0.0,0.0,0.0,0.0,0.0,0.0,0.0,0.0
TCP 13.91.45.229:443 192.168.0.105:32828,TCP,TLS.Microsoft,Cloud,,,,,0.0,40,nan,nan,0.0,40,0.0,40,0.0,40.0,0.0,40.0,0.0,40.0,0.0,40.0,0.0,40,0,1,0.0,[20.0],0.0,0.0,0.0,0.0,0.0,0.0,0.0,0.0,0.0,0.0,0.0,0.0,0.0,0.0,0.0,0.0,0.0,0.0,0.0,0.0,0.0,0.0
TCP 13.79.147.101:443 192.168.0.105:35206,TCP,TLS.Microsoft,Cloud,,,,,0.0,40,nan,nan,0.0,40,0.0,40,0.0,40.0,0.0,40.0,0.0,40.0,0.0,40.0,0.0,40,0,1,0.0,[20.0],0.0,0.0,0.0,0.0,0.0,0.0,0.0,0.0,0.0,0.0,0.0,0.0,0.0,0.0,0.0,0.0,0.0,0.0,0.0,0.0,0.0,0.0
TCP 13.79.147.101:443 192.168.0.105:35216,TCP,TLS.Microsoft,Cloud,,,,,0.0,40,nan,nan,0.0,40,0.0,40,0.0,40.0,0.0,40.0,0.0,40.0,0.0,40.0,0.0,40,0,1,0.0,[20.0],0.0,0.0,0.0,0.0,0.0,0.0,0.0,0.0,0.0,0.0,0.0,0.0,0.0,0.0,0.0,0.0,0.0,0.0,0.0,0.0,0.0,0.0
TCP 64.233.165.189:443 192.168.0.105:60446,TCP,TLS.Google,Web,,,,,60.0,112,nan,nan,60.0,112,60.0,112,60.0,112.0,60.0,112.0,60.0,112.0,60.0,112.0,60.0,112,1,1,241.0,[24.0],0.0,52,nan,nan,0.0,52,0.0,52,0.0,52.0,0.0,52.0,0.0,52.0,0.0,52.0,0.0,52,0,1,312.0,[16.0]
TCP 13.79.147.101:443 192.168.0.105:35212,TCP,TLS.Microsoft,Cloud,,,,,0.0,40,nan,nan,0.0,40,0.0,40,0.0,40.0,0.0,40.0,0.0,40.0,0.0,40.0,0.0,40,0,1,0.0,[20.0],0.0,0.0,0.0,0.0,0.0,0.0,0.0,0.0,0.0,0.0,0.0,0.0,0.0,0.0,0.0,0.0,0.0,0.0,0.0,0.0,0.0,0.0
TCP 13.79.147.101:443 192.168.0.105:35208,TCP,TLS.Microsoft,Cloud,,,,,0.0,40,nan,nan,0.0,40,0.0,40,0.0,40.0,0.0,40.0,0.0,40.0,0.0,40.0,0.0,40,0,1,0.0,[20.0],0.0,0.0,0.0,0.0,0.0,0.0,0.0,0.0,0.0,0.0,0.0,0.0,0.0,0.0,0.0,0.0,0.0,0.0,0.0,0.0,0.0,0.0
TCP 13.92.27.116:443 192.168.0.105:59030,TCP,TLS.Microsoft,Cloud,,,,,53.0,105,0.0,52,1428.0,1480,0.0,52,301.4,353.4,173.0,225.0,13.25,65.25,300.0,352.0,3014.0,3534,7,10,509.7,"[16.0, 24.0]",0.0,52,53.0,105,501.0,553,0.0,52,141.7,193.7,26.5,78.5,0.0,52.0,257.0,309.0,1417.0,1937,5,10,1444.0,"[16.0, 24.0]"
TCP 52.54.78.229:443 192.168.0.105:33894,TCP,TLS.Amazon,Web,,,,,31.0,83,0.0,52,31.0,83,0.0,52,15.5,67.5,15.5,67.5,7.75,59.75,23.25,75.25,31.0,135,1,2,134.0,"[17.0, 24.0]",0.0,52,0.0,52,0.0,52,0.0,52,0.0,52.0,0.0,52.0,0.0,52.0,0.0,52.0,0.0,156,0,3,387.0,"[16.0, 17.0]"
UDP 52.114.74.4:3478 192.168.0.105:50520,UDP,Unknown,Unspecified,,,,,513.0,541,37.0,65,513.0,541,37.0,65,187.66666666666666,215.66666666666666,209.0,237.0,37.0,65.0,305.0,333.0,1689.0,1941,9,9,0.0,[0.0],37.0,65,161.0,189,865.0,893,37.0,65,446.0,474.0,441.0,469.0,130.0,158.0,757.0,785.0,1784.0,1896,4,4,0.0,[0.0]
TCP 13.69.188.18:443 192.168.0.105:43185,TCP,TLS.Microsoft,Cloud,,,,,1314.0,1366,0.0,52,1314.0,1366,0.0,52,487.25,539.25,317.5,369.5,0.0,52.0,804.75,856.75,1949.0,2157,2,4,1024.5,"[16.0, 24.0]",0.0,52,336.0,388,336.0,388,0.0,52,133.25,185.25,98.5,150.5,0.0,52.0,231.75,283.75,533.0,741,2,4,374.5,"[16.0, 24.0]"
ICMP 192.168.0.105:0 192.168.0.102:0,ICMP,ICMP,Network,,,,,114.0,142,nan,nan,114.0,142,114.0,142,114.0,142.0,114.0,142.0,114.0,142.0,114.0,142.0,114.0,142,1,1,0.0,[0.0],0.0,0.0,0.0,0.0,0.0,0.0,0.0,0.0,0.0,0.0,0.0,0.0,0.0,0.0,0.0,0.0,0.0,0.0,0.0,0.0,0.0,0.0
TCP 192.168.0.105:34844 64.233.165.95:443,TCP,TLS.Google,Web,,,,,0.0,52,nan,nan,0.0,52,0.0,52,0.0,52.0,0.0,52.0,0.0,52.0,0.0,52.0,0.0,52,0,1,362.0,[16.0],0.0,52,nan,nan,0.0,52,0.0,52,0.0,52.0,0.0,52.0,0.0,52.0,0.0,52.0,0.0,52,0,1,179.0,[16.0]
TCP 213.180.204.179:443 192.168.0.105:55194,TCP,TLS,Web,,,,,85.0,137,nan,nan,85.0,137,85.0,137,85.0,137.0,85.0,137.0,85.0,137.0,85.0,137.0,85.0,137,1,1,122.0,[24.0],0.0,52,nan,nan,0.0,52,0.0,52,0.0,52.0,0.0,52.0,0.0,52.0,0.0,52.0,0.0,52,0,1,362.0,[16.0]
TCP 52.232.72.241:443 192.168.0.105:42872,TCP,TLS,Web,,,,,0.0,40,nan,nan,0.0,40,0.0,40,0.0,40.0,0.0,40.0,0.0,40.0,0.0,40.0,0.0,40,0,1,0.0,[20.0],0.0,0.0,0.0,0.0,0.0,0.0,0.0,0.0,0.0,0.0,0.0,0.0,0.0,0.0,0.0,0.0,0.0,0.0,0.0,0.0,0.0,0.0
TCP 52.142.195.191:443 192.168.0.105:59260,TCP,TLS,Web,,,,,0.0,40,nan,nan,0.0,40,0.0,40,0.0,40.0,0.0,40.0,0.0,40.0,0.0,40.0,0.0,40,0,1,0.0,[20.0],0.0,0.0,0.0,0.0,0.0,0.0,0.0,0.0,0.0,0.0,0.0,0.0,0.0,0.0,0.0,0.0,0.0,0.0,0.0,0.0,0.0,0.0
TCP 13.81.81.48:443 192.168.0.105:35716,TCP,TLS.Microsoft,Cloud,,,,,0.0,40,nan,nan,0.0,40,0.0,40,0.0,40.0,0.0,40.0,0.0,40.0,0.0,40.0,0.0,40,0,1,0.0,[20.0],0.0,0.0,0.0,0.0,0.0,0.0,0.0,0.0,0.0,0.0,0.0,0.0,0.0,0.0,0.0,0.0,0.0,0.0,0.0,0.0,0.0,0.0
